{
  "pf_metrics": {
    "auc_roc": 0.5,
    "auc_pr": 0.1,
    "prec": 0.1,
    "recall": 1.0,
    "f1": 0.18181818181818182,
    "threshold": 0.7892794822696824
  },
  "base_metrics": {
    "auc_roc": 0.9874626666666667,
    "auc_pr": 0.8105473473419883,
    "prec": 0.837951301427372,
    "recall": 0.998,
    "f1": 0.910999543587403,
    "threshold": 0.6163838924234425
  }
}